guide_name	orientation	sequence_guide	position	GC
guide_0	forward	CTCACCGTCGATCGGTTCAA	271	55.0
guide_1	forward	AGAAGCTTCTCCAGTCACAT	392	45.0
guide_2	forward	TAATTGGCAAAGAGGGGCAG	638	50.0
guide_4	forward	ACTAGCATTGGGACATGTCA	675	45.0
guide_6	forward	CAAAAGTTACAGAAATGCGG	713	40.0
guide_7	forward	CGTGGCTATGCAAGCAATAT	850	45.0
guide_8	forward	CAACGGACGAATTGAAGGGC	920	55.0
guide_10	forward	TTGTGGCAGGGGCAGTTTTA	1025	50.0
guide_12	forward	AGGAGCTTAAGATTGAGGAG	1061	45.0
guide_13	forward	TGGGTATGCATTAGGTGAGG	1092	50.0
guide_14	forward	ATAATTATGATCCAAGGGCG	1145	40.0
guide_16	forward	GTGTTGCCAAGGAGATGTTT	1247	45.0
guide_18	forward	AGAAAAGGGTATGAATCAGG	1276	40.0
guide_21	forward	TGCTGGTAAAAAGGGCTATC	1386	45.0
guide_22	forward	CCCTTCCCTGGTTATGTGCT	1582	55.0
guide_23	reverse	ACATGCTCAGTCTCGAGGTC	1615	55.0
guide_24	reverse	ACTGATGGCAGCACATAACC	1591	50.0
guide_25	reverse	CTGCTTCAAGTACCTACAGC	1554	50.0
guide_26	reverse	TTTCTATGGTGTCTCACAAG	1486	40.0
guide_27	reverse	TATGGTGTCTCACAAGTAGA	1482	40.0
guide_30	reverse	AAGCAAACAAGCTGCCTCGA	1349	50.0
guide_31	reverse	TCCTCCAAGGATACAAAGAA	1312	40.0
guide_32	reverse	TCAAACCATCAAACATCTCC	1257	40.0
guide_34	reverse	CTCCAATAAAACTGCCCCTG	1031	50.0
guide_35	reverse	CTCAGATATGCCCACATTTC	875	45.0
guide_36	reverse	CCTCCATATTGCTTGCATAG	855	45.0
guide_39	reverse	AGCCCGAGGCACGGATTATA	747	55.0
guide_42	reverse	AGTTAAAGTGACATGTCCCA	683	40.0
guide_44	reverse	TATATAAGGCGGGCCTCTTC	538	50.0
guide_45	reverse	AGGCCTAGGGTTTCATCAAT	493	45.0
guide_47	reverse	AAGGAATTGTGATCGATTGG	467	40.0
guide_49	reverse	CTTGAACCGATCGACGGTGA	272	55.0
guide_50	reverse	CCGACATCTATTCCGGCGAC	111	60.0
